{
  "overall_accuracy": 86.56387665198237,
  "total_samples": 908,
  "correct_predictions": 786,
  "per_class_metrics": {
    "bathtub": {
      "precision": 0.9069767441860465,
      "recall": 0.78,
      "f1_score": 0.8387096774193549,
      "support": 50
    },
    "bed": {
      "precision": 0.8761904761904762,
      "recall": 0.92,
      "f1_score": 0.8975609756097561,
      "support": 100
    },
    "chair": {
      "precision": 0.9611650485436893,
      "recall": 0.99,
      "f1_score": 0.9753694581280788,
      "support": 100
    },
    "desk": {
      "precision": 0.6989247311827957,
      "recall": 0.7558139534883721,
      "f1_score": 0.7262569832402235,
      "support": 86
    },
    "dresser": {
      "precision": 0.7931034482758621,
      "recall": 0.8023255813953488,
      "f1_score": 0.7976878612716763,
      "support": 86
    },
    "monitor": {
      "precision": 0.9405940594059405,
      "recall": 0.95,
      "f1_score": 0.945273631840796,
      "support": 100
    },
    "night_stand": {
      "precision": 0.7586206896551724,
      "recall": 0.7674418604651163,
      "f1_score": 0.7630057803468208,
      "support": 86
    },
    "sofa": {
      "precision": 0.9056603773584906,
      "recall": 0.96,
      "f1_score": 0.9320388349514563,
      "support": 100
    },
    "table": {
      "precision": 0.8068181818181818,
      "recall": 0.71,
      "f1_score": 0.7553191489361702,
      "support": 100
    },
    "toilet": {
      "precision": 0.9894736842105263,
      "recall": 0.94,
      "f1_score": 0.9641025641025641,
      "support": 100
    }
  },
  "macro_averages": {
    "precision": 0.8637527440827182,
    "recall": 0.8575581395348838,
    "f1_score": 0.8595324915846897
  },
  "weighted_averages": {
    "precision": 0.866624254081302,
    "recall": 0.8656387665198237,
    "f1_score": 0.8651758799181717
  },
  "confusion_matrix": [
    [
      39,
      5,
      0,
      1,
      0,
      0,
      0,
      0,
      4,
      1
    ],
    [
      3,
      92,
      1,
      0,
      0,
      1,
      0,
      0,
      3,
      0
    ],
    [
      0,
      0,
      99,
      0,
      0,
      1,
      0,
      0,
      0,
      0
    ],
    [
      0,
      2,
      0,
      65,
      5,
      0,
      4,
      6,
      4,
      0
    ],
    [
      0,
      0,
      1,
      1,
      69,
      0,
      13,
      1,
      1,
      0
    ],
    [
      0,
      1,
      1,
      1,
      0,
      95,
      1,
      1,
      0,
      0
    ],
    [
      0,
      1,
      1,
      0,
      13,
      0,
      66,
      0,
      5,
      0
    ],
    [
      0,
      1,
      0,
      2,
      0,
      0,
      1,
      96,
      0,
      0
    ],
    [
      0,
      3,
      0,
      22,
      0,
      0,
      2,
      2,
      71,
      0
    ],
    [
      1,
      0,
      0,
      1,
      0,
      4,
      0,
      0,
      0,
      94
    ]
  ],
  "class_names": [
    "bathtub",
    "bed",
    "chair",
    "desk",
    "dresser",
    "monitor",
    "night_stand",
    "sofa",
    "table",
    "toilet"
  ],
  "evaluation_parameters": {
    "apply_corruption": false,
    "jitter_sigma": 0.01,
    "dropout_p": 0.2,
    "num_points": 1024,
    "batch_size": 16
  }
}